title,content,image,url
"""انعش حياتك!"" الحملة تصل إلى 50 مليون شخص في الإمارات العربية المتحدة ترويجًا للمنتجات الأوروبية الطازجة","🔹 ""انعش حياتك!"" الحملة تصل إلى 50 مليون شخص في الإمارات العربية المتحدة ترويجًا للمنتجات الأوروبية الطازجة

دبي، الإمارات العربية المتحدة, Feb. 03, 2025 (GLOBE NEWSWIRE) -- اختتام حملة ناجحة استمرت لمدة ثلاث سنوات في الإمارات العربية المتحدة، حيث نجحت مبادرة ""انعش حياتك! فواكه وخضروات أوروبية عالية الجودة"" في تعزيز قيمة الفواكه والخضروات الطازجة واستهلاكها، مع تسلي…

(Detailed article to be generated...)",https://via.placeholder.com/300,https://www.globenewswire.com/news-release/2025/02/03/3019766/0/ar/%D8%A7%D9%86%D8%B9%D8%B4-%D8%AD%D9%8A%D8%A7%D8%AA%D9%83-%D8%A7%D9%84%D8%AD%D9%85%D9%84%D8%A9-%D8%AA%D8%B5%D9%84-%D8%A5%D9%84%D9%89-50-%D9%85%D9%84%D9%8A%D9%88%D9%86-%D8%B4%D8%AE%D8%B5-%D9%81%D9%8A-%D8%A7%D9%84%D8%A5%D9%85%D8%A7%D8%B1%D8%A7%D8%AA-%D8%A7%D9%84%D8%B9%D8%B1%D8%A8%D9%8A%D8%A9-%D8%A7%D9%84%D9%85%D8%AA%D8%AD%D8%AF%D8%A9-%D8%AA%D8%B1%D9%88%D9%8A%D8%AC%D9%8B%D8%A7-%D9%84%D9%84%D9%85%D9%86%D8%AA%D8%AC%D8%A7%D8%AA-%D8%A7%D9%84%D8%A3%D9%88%D8%B1%D9%88%D8%A8%D9%8A%D8%A9-%D8%A7%D9%84%D8%B7%D8%A7%D8%B2%D8%AC%D8%A9.html
البيت الأبيض يعلن أن ترامب ناقش مع السيسي سد النهضة الإثيوبي,"🔹 البيت الأبيض يعلن أن ترامب ناقش مع السيسي سد النهضة الإثيوبي

أصدر البيت الأبيض، تفاصيل الاتصال الهاتفي الذي دار بين الرئيس الأمريكي، دونالد ترامب، ونظيره المصري، عبد الفتاح السيسي، اليوم السبت.

(Detailed article to be generated...)",https://via.placeholder.com/300,https://sarabic.ae/20250201/%D8%A7%D9%84%D8%A8%D9%8A%D8%AA-%D8%A7%D9%84%D8%A3%D8%A8%D9%8A%D8%B6-%D9%8A%D8%B9%D9%84%D9%86-%D8%A3%D9%86-%D8%AA%D8%B1%D8%A7%D9%85%D8%A8-%D9%86%D8%A7%D9%82%D8%B4-%D9%85%D8%B9-%D8%A7%D9%84%D8%B3%D9%8A%D8%B3%D9%8A-%D8%B3%D8%AF-%D8%A7%D9%84%D9%86%D9%87%D8%B6%D8%A9-%D8%A7%D9%84%D8%A5%D8%AB%D9%8A%D9%88%D8%A8%D9%8A-1097388719.html
