source,author,title,description,url,publishedAt,article,image_url
BBC News,,Israel has changed since Donald Trump's last term – has he?,"In this time of hard choices for the Middle East, the president elect will have much to think about when he re-enters the White House",https://www.bbc.com/news/articles/cgkjxlml42vo,2025-01-17T02:28:47Z,"عنوان: تغيرات إسرائيل منذ آخر ولاية لدونالد ترامب - هل تغير هو أيضًا؟

خلال فترة رئاسة دونالد ترامب الأولى، شهدت منطقة الشرق الأوسط تحولات جوهرية في السياسات الخارجية والتحالفات، وكانت إسرائيل في قلب هذه التحولات. بعد انتهاء ولايته والتطورات اللاحقة في المنطقة، يُعاد الآن انتخاب ترامب مرة أخرى، مما يطرح تساؤلات حول السياسة الأمريكية المستقبلية تجاه إسرائيل والشرق الأوسط. تأتي هذه العودة في ظل تغيرات مهمة داخل إسرائيل نفسها وعلى الساحة الإقليمية والدولية.

أولًا، من المهم تسليط الضوء على التغيرات الجذرية التي شهدتها إسرائيل منذ رحيل ترامب عن الحكم. خلال الأربع سنوات الماضية، واجهت إسرائيل تحديات سياسية وأمنية معقدة. على الصعيد السياسي، شهدت إسرائيل تقلبات في الائتلاف الحكومي، وأزمات داخلية أبرزها الانتخابات المتتالية التي لم تفرز أغلبية واضحة، مما أدى إلى استمرار حالة عدم الاستقرار السياسي. من ناحية أمنية، استمرت التوترات مع الفلسطينيين وتصاعدت في بعض الفترات إلى مواجهات عنيفة، بالإضافة إلى التحديات الأمنية المتمثلة في التهديدات الإيرانية وتأثيرها في المنطقة.

ثانيًا، من الضروري النظر في تغيرات السياسة الخارجية الأمريكية تجاه إسرائيل والشرق الأوسط خلال إدارة جو بايدن. خلافًا لترامب، اعتمد بايدن نهجًا أكثر تحفظًا تجاه القضايا الإقليمية، محاولًا إعادة بناء العلاقات مع الفلسطينيين والتأكيد على الحل السياسي للصراع. بالإضافة إلى ذلك، شهدت فترة بايدن محاولات لإعادة الانخراط في الاتفاق النووي مع إيران، وهو ما كان محل توتر مع الحكومة الإسرائيلية التي ترى في البرنامج النووي الإيراني تهديدًا كبيرًا لأمنها.

وبالعودة إلى فوز ترامب مجددًا، فإن السؤال الأبرز هو: هل تغير ترامب أو سياساته تجاه إسرائيل والمنطقة؟ خلال حملته الانتخابية، أكد ترامب على استمرار دعمه القوي لإسرائيل، مشيرًا إلى إنجازاته السابقة مثل اعترافه بالقدس عاصمةً لإسرائيل وتسهيله لاتفاقيات التطبيع بين إسرائيل وبعض الدول العربية مثل الإمارات والبحرين. هذه المواقف تشير إلى أن ترامب قد يستمر في سياسة الضغط على إيران والدعم الشديد لإسرائيل.

من المتوقع أن تؤدي عودة ترامب إلى تعزيز العلاقات الأمريكية-الإسرائيلية، الأمر الذي قد يكون له تأثيرات متباينة على الاستقرار الإقليمي. من جهة، قد يُعزز ترامب من مسار التطبيع الذي قد يُسهم في تخفيض التوترات إقليميًا، ومن جهة أخرى، قد تُثير سياساته مخاوف لدى الدول والفاعلين الآخرين في المنطقة، خاصة إذا تم تجاهل القضايا الفلسطينية أو تصعيد المواجهة مع إيران.

في الختام، التحديات التي تواجه ترامب في ولايته الثانية كبيرة ومعقدة. ستكون عودته اختبارًا لمدى قدرته على التعامل مع الواقع المتغير في الشرق الأوسط، وكذلك فحصًا لمرونة سياسته الخارجية. تظل إسرائيل والمنطقة على حافة فترة جديدة من السياسة الدولية التي قد تعيد تشكيل العلاقات الدولية والإقليمية بطرق غير متوقعة.",https://images.pexels.com/photos/8033643/pexels-photo-8033643.jpeg?auto=compress&cs=tinysrgb&h=350
NPR,Greg Myre,How the Gaza war has remade the Middle East,What began as a battle between Israel and Hamas morphed into a much wider regional conflict that has reshaped much of the Middle East.,https://www.npr.org/2025/01/16/g-s1-43022/how-gaza-war-remade-mideast,2025-01-16T15:25:48Z,"Title: كيف أعادت حرب غزة صياغة الشرق الأوسط؟

في أواخر العام، كانت الصور القادمة من قطاع غزة صورًا مأساوية تظهر حجم الدمار الذي خلفته الحرب بين إسرائيل وحماس. لكن تأثيرات هذه الحرب لم تقتصر على الصراع الفلسطيني الإسرائيلي وحده؛ بل امتدت لتعيد صياغة الجغرافيا السياسية للشرق الأوسط بأسره. 

في هذا المقال، سنناقش كيف تحولت حرب غزة من مواجهة بين فصيل فلسطيني ودولة إسرائيل إلى صراع إقليمي شامل، وما هي الآثار المترتبة على هذا التحول في توازنات القوى بالمنطقة.

### البدايات: حرب غزة وأبعادها المحلية

اندلعت الحرب في غزة كنتيجة لتصعيد مستمر في التوترات بين إسرائيل وحماس. قامت إسرائيل بعمليات عسكرية واسعة النطاق ردًا على هجمات صاروخية أُطلقت من غزة. ردت حماس بمزيد من الهجمات الصاروخية، مما أسفر عن دمار واسع وخسائر في الأرواح على كلا الجانبين.

### التصعيد الإقليمي: دخول لاعبين جدد

لم تلبث أن تحولت هذه الحرب المحلية إلى معركة إقليمية بمجرد أن دخلت قوى إقليمية على الخط. فقد بدأت إيران بتقديم دعم متزايد لحماس والفصائل الفلسطينية الأخرى، بينما قدّمت دول عربية مثل مصر والأردن دعمًا دبلوماسيًا للطرف الفلسطيني. في الوقت نفسه، حظيت إسرائيل بدعم من الولايات المتحدة وبعض دول الغرب، مما زاد من تعقيد الصراع.

### تأثير الحرب على الحلفاء والمعارضين

ساهمت حرب غزة في إعادة تشكيل العلاقات الدبلوماسية في الشرق الأوسط. فبينما كان بعض الدول يبحث عن تحقيق مكاسب استراتيجية من الحرب، وجدت دول أخرى نفسها مضطرة لإعادة النظر في تحالفاتها وسياساتها الخارجية. على سبيل المثال، أدت الحرب إلى تعزيز المحور الإيراني الذي يضم سوريا وحزب الله في لبنان، بينما دفعت دولاً مثل السعودية والإمارات إلى التفكير في استراتيجيات أمنية جديدة تحسباً لتنامي النفوذ الإيراني.

### الآثار على السكان المدنيين

لعل أبرز التأثيرات المباشرة لحرب غزة هي الدمار الذي لحق بالسكان المدنيين. وقد تجاوزت الخسائر البشرية والمادية حدود غزة لتشمل أيضاً المناطق الإسرائيلية المجاورة. هذا الواقع المأساوي سلط الضوء على الحاجة الملحة لحلول سياسية تضمن الأمن والاستقرار لجميع الأطراف.

### الأبعاد الجيوسياسية

إعادة التكوين الجيوسياسي التي فرضتها حرب غزة ربما تكون قد أعدت كتابة قواعد اللعبة في الشرق الأوسط. فالدول التي كانت تعتبر تقليديًا كمحاور استقرار بدأت ترى في الصراع فرصة لإعادة تأكيد نفوذها أو حتى توسيعه. من جهة أخرى، دفعت الحرب الدول المعنية إلى إعادة تقييم سياساتها الدفاعية والأمنية في ضوء التحديات الجديدة.

### خاتمة

حرب غزة لم تكن مجرد صراع محلي آخر بين إسرائيل والفلسطينيين، بل كانت نقطة تحول حاسمة أدت إلى إعادة صياغة الخريطة السياسية والأمنية للشرق الأوسط. ومع استمرار التوترات الحالية، تبقى الحاجة ملحة لحلول دبلوماسية تجنب المنطقة المزيد من الأزمات وتفتح الطريق أمام مستقبل أكثر استقرارًا وسلامًا.",https://images.pexels.com/photos/9985315/pexels-photo-9985315.jpeg?auto=compress&cs=tinysrgb&h=350
NPR,Manuela López Restrepo,Neymar leaves Saudi team to return to his first soccer club in Brazil,"Neymar struggled through physical injuries for most of his time in the Middle East, with a previous ACL rupture that kept him sidelined for a year.",https://www.npr.org/2025/01/28/nx-s1-5277095/neymar-al-hilal-contract-ended-injuries,2025-01-28T22:20:07Z,"عنوان المقال: عودة نيمار إلى مسقط رأسه: الدوافع والتداعيات

في تطور مفاجئ لمسيرته الكروية، قرر النجم البرازيلي نيمار جونيور مغادرة الفريق السعودي الذي انضم إليه مؤخرًا، ليعود إلى ناديه الأول في البرازيل. القرار، الذي جاء بعد فترة من المعاناة من الإصابات المتكررة والتي كان أبرزها تمزق في الرباط الصليبي الأمامي الذي أبعده عن الملاعب لمدة عام كامل، يطرح العديد من التساؤلات حول تأثير هذه الخطوة على مسيرة نيمار وعلى كرة القدم البرازيلية والعالمية.

### الخلفية: نيمار والانتقال إلى السعودية

انضم نيمار إلى الدوري السعودي في صفقة أثارت الكثير من الجدل والاهتمام العالمي بسبب ضخامتها المالية، وكان يُنظر إليها كخطوة استراتيجية لتعزيز مكانة كرة القدم في المنطقة. ومع ذلك، لم تكن فترته في الشرق الأوسط خالية من المصاعب، حيث عانى اللاعب من إصابات متعددة أثرت بشكل كبير على أدائه وقدرته على المشاركة في المباريات.

### التحليل: ما وراء القرار

#### 1. الدوافع الشخصية:
من المحتمل أن يكون قرار نيمار بالعودة إلى البرازيل مدفوعًا برغبات شخصية وعاطفية. العودة إلى ناديه الأول قد توفر له الراحة النفسية والدعم الجماهيري الذي يحتاجه في هذه المرحلة من مسيرته، خصوصًا بعد فترة من الإصابات المؤلمة والشعور بالغربة.

#### 2. الفشل في التأقلم:
الفشل في التأقلم مع البيئة الجديدة وأسلوب الحياة في السعودية قد يكون عاملًا آخر. على الرغم من المعاملة الممتازة والمزايا المالية، إلا أن الاختلافات الثقافية العميقة قد تكون أثرت على قدرة نيمار على الاندماج والشعور بالراحة.

#### 3. الإصابات والتأثير البدني:
لا شك أن تكرار الإصابات لعب دورًا كبيرًا في قرار نيمار. العودة إلى البرازيل حيث يمكنه الحصول على الرعاية الطبية المتخصصة والمعتادة قد تكون خطوة استباقية لمنع تفاقم هذه الإصابات.

### التداعيات:

#### 1. على نيمار:
هذه الخطوة قد تُعيد إلى نيمار بعضاً من بريقه الكروي، وتسمح له بالتعافي بشكل كامل وعودته إلى مستوياته المعهودة. اللعب في بيئة مألوفة قد يساعده على استعادة الثقة في مهاراته.

#### 2. على كرة القدم البرازيلية:
عودة نجم بحجم نيمار إلى الدوري البرازيلي ستكون لها تأثيرات إيجابية على الدوري من حيث الجذب الجماهيري والاهتمام الإعلامي، مما قد يعزز من شعبية وجودة الدوري.

#### 3. على كرة القدم السعودية والعربية:
مغادرة نيمار قد تكون بمثابة ضربة لمساعي السعودية لتحويل دوريها إلى وجهة لكبار النجوم العالميين. هذه الخطوة قد تحمل دلالات عميقة حول قدرة الدوري السعودي على استقطاب والحفاظ على المواهب الكبرى.

### خلاصة:
عودة نيمار إلى البرازيل تمثل مفترق طرق مهم في مسيرته الكروية. هذه الخطوة ليست فقط عودة إلى الوطن، بل هي بحث عن الاستقرار في مسيرة تبدو أنها وصلت إلى نقطة حرجة. الأيام القادمة ستكون حاسمة لفهم كيف ستتطور الأمور لنيمار والأندية المعنية بهذا التحول الكبير.",https://images.pexels.com/photos/9189265/pexels-photo-9189265.jpeg?auto=compress&cs=tinysrgb&h=350
NPR,Greg Myre,"Syria's new leader denounces Iran, calling its proxies a regional threat",Syria's interim president says the now departed Iranian forces were damaging to his country and also posed a threat to the wider Middle East.,https://www.npr.org/2025/02/04/g-s1-46361/syrias-new-leader-denounces-iran-calling-its-proxies-a-regional-threat,2025-02-04T13:36:47Z,"في تطور جديد ومفاجئ في الشأن السوري، جاء تصريح الرئيس المؤقت لسوريا لينتقد بشدة دور إيران ووكلائها في المنطقة، معتبراً أن القوات الإيرانية التي غادرت الأراضي السورية مؤخراً كان لها تأثير ضار على البلاد وأنها تشكل تهديداً لأمن الشرق الأوسط بأسره. جاء هذا التصريح الصادم والذي يمثل انعكاساً للسياسة الجديدة للإدارة السورية المؤقتة، ويبدو أنه سيكون له تأثيرات بعيدة المدى على العلاقات الإقليمية وعلى الديناميكية السياسية في الشرق الأوسط.

لفهم خلفية هذا التصريح وتأثيراته، يجدر بنا التوقف عند عدة نقاط رئيسية تشمل التاريخ السياسي السوري الحديث، الدور الإيراني في سوريا، والتحالفات الإقليمية والدولية التي تشكلت حول الأزمة السورية.

### السياق التاريخي والسياسي

منذ بداية الأزمة السورية في عام 2011، لعبت إيران دوراً محورياً في دعم النظام السوري بقيادة بشار الأسد، سواء عبر الدعم العسكري المباشر أو عبر وكلائها في المنطقة مثل حزب الله اللبناني. هذا الدعم لم يقتصر على الجانب العسكري فحسب، بل شمل أيضاً الدعم الاقتصادي والسياسي. 

### الدور الإيراني في سوريا

لقد كان الوجود الإيراني في سوريا ينظر إليه على أنه جزء من استراتيجية أوسع لتوسيع نفوذ إيران في الشرق الأوسط، مما أثار قلق العديد من الدول العربية والغربية. استطاعت إيران عبر وكلائها أن تؤثر بشكل كبير على مجريات الأحداث في الساحة السورية، مما زاد من تعقيدات النزاع هناك وأدى إلى تطويل أمد الأزمة.

### التحالفات الإقليمية والدولية",https://images.pexels.com/photos/8052847/pexels-photo-8052847.jpeg?auto=compress&cs=tinysrgb&h=350
NPR,Greg Myre,A brief history of Gaza's tortured role in the Middle East conflict,"Most Gaza residents are the descendants of Palestinian refugees driven to the enclave in a 1948 war. They harbor a deep fear of being uprooted again, and President Trump's remarks struck a raw nerve.",https://www.npr.org/2025/02/05/g-s1-46565/gaza-israel-history-mideast-conflict-trump,2025-02-05T17:40:31Z,"العنوان: تاريخ مختصر لدور غزة المعذب في الصراع الشرق أوسطي

الوصف: ينحدر معظم سكان غزة من اللاجئين الفلسطينيين الذين تم دفعهم إلى الجيب في حرب عام 1948. ويكنون خوفا عميقا من التهجير مجددا، وقد أثارت تصريحات الرئيس ترامب أعصابهم المشدودة.

قطاع غزة، الذي يقع على الساحل الشرقي للبحر الأبيض المتوسط والذي يجاور مصر من الجنوب وإسرائيل من الشمال والشرق، لطالما كان ملعباً لصراعات مستمرة ومتجددة منذ نكبة 1948. فقد أصبح القطاع بمثابة رمز للمعاناة الفلسطينية في وجه الصراع العربي الإسرائيلي، وأيضاً شاهداً على التحولات الجيوسياسية في الشرق الأوسط.

تأسيس القطاع والنزوح الكبير:
عام 1948 يمثل تاريخاً محورياً في تاريخ فلسطين والشرق الأوسط. بعد إعلان دولة إسرائيل والحرب التي أعقبته، واجه الفلسطينيون مصيراً قاسياً إذ أُرغم مئات الآلاف منهم على ترك بيوتهم والتوجه جنوباً نحو قطاع غزة، الذي كان تحت الإدارة المصرية وقتها. ونتج عن ذلك تكوين مجتمع جديد بني على أنقاض النكبة، يتكون في أغلبه من اللاجئين الذين حُرموا من عودتهم إلى أراضيهم.

الحياة تحت الاحتلال:
عام 1967، شهدت الأراضي الفلسطينية تحولاً جديداً بعد حرب الأيام الستة، حيث أصبحت غزة تحت الاحتلال الإسرائيلي. وقد فرضت إسرائيل سيطرتها من خلال بناء المستوطنات، وتشديد القيود على حركة الفلسطينيين داخل القطاع وخارجه، وهو ما زاد من معاناة سكان قطاع غزة. واستمر الوضع إلى أن تم إخلاء المستوطنات الإسرائيلية من غزة عام 2005، ولكن السيطرة العسكرية لإسرائيل على الحدود استمرت، مما أدى إلى حصار شبه كامل على القطاع.

الأوضاع الإنسانية والسياسية:
الحياة في غزة صعبة بمعايير عديدة. القطاع الذي يضم أكثر من مليوني نسمة يعاني من نقص حاد في الموارد الأساسية مثل الماء النظيف والكهرباء وفرص العمل. الحصار الإسرائيلي والإغلاقات، بالإضافة إلى الانقسامات الفلسطينية الداخلية، خلقت ظروفاً إنسانية صعبة. ورغم الدعم الدولي المحدود، فإن القطاع يشهد تدهوراً مستمراً في الأوضاع المعيشية.

المقاومة والتحديات:
كانت غزة دائماً أرضاً للمقاومة. منذ الانتفاضة الأولى وحتى الانتفاضة الثانية وما تلاها من أحداث، شكلت غزة نقطة اشتعال مستمرة ضد الاحتلال الإسرائيلي. الأحزاب والحركات الفلسطينية مثل حماس، التي تحكم القطاع حالياً، تواجه تحديات جمّة في تحقيق توازن بين مقاومة الاحتلال وتوفير الاحتياجات الأساسية للسكان.

المستقبل المجهول:
ما زال مستقبل غزة معلقاً في ظل التوترات الجيوسياسية في المنطقة والتجاذبات الدولية. الحلول السياسية مثل مبادرات السلام المختلفة لم تستطع حتى الآن حل الأزمة في غزة. ومع تصاعد التوترات مؤخراً، خاصة بعد تصريحات ترامب والتغيرات في السياسة الأمريكية تجاه القضية الفلسطينية، يبقى الوضع في غزة مثالاً صارخاً على التعقيدات التي تواجه عملية السلام والبحث عن حلول دائمة.

في ظل هذا الواقع، يظل سكان غزة محصورين بين أمل غامض بمستقبل أفضل وواقع معاش يتسم بالمعاناة المستمرة. وتظل غزة، بكل تاريخها المعقد ودموع أطفالها وآمال شبابها، رمزاً للصمود والتحدي في وجه كل الصعاب.",https://images.pexels.com/photos/25755/pexels-photo.jpg?auto=compress&cs=tinysrgb&h=350
Business Insider,Jake Epstein,A newly deployed top US missile-defense system is getting a workout in the Middle East,"The US deployed a THAAD air-defense battery to Israel in October, and it has been used in combat multiple times since then.",https://www.businessinsider.com/newly-deployed-thaad-air-defense-system-gets-workout-middile-east-2025-1,2025-01-13T21:40:25Z,"عنوان: نشر نظام الدفاع الصاروخي الأمريكي المتقدم في الشرق الأوسط: تحليل معمق

في شهر أكتوبر، قامت الولايات المتحدة بنشر بطارية من نظام الدفاع الجوي المتطور ""ثاد"" (THAAD) في إسرائيل، ومنذ ذلك الحين شهد النظام استخدامه في عدة مواجهات قتالية. يأتي هذا الإجراء في ظل تصاعد التوترات في الشرق الأوسط ويشير إلى تغير ملحوظ في استراتيجيات الدفاع والأمن الإقليمية.

### السياق الجيوسياسي:

في العقود الأخيرة، شهد الشرق الأوسط تحولات جيوسياسية متسارعة تتمثل في اندلاع النزاعات وتصاعد الطموحات النووية، الأمر الذي دفع الدول الكبرى، وعلى رأسها الولايات المتحدة، لإعادة تقييم استراتيجياتها الأمنية في المنطقة. الولايات المتحدة، التي تعتبر إسرائيل أحد أبرز حلفائها في الشرق الأوسط، ترى في نشر نظام ""ثاد"" خطوة استراتيجية لتعزيز الأمن الإسرائيلي والاستقرار الإقليمي.

### تحليل النظام ""ثاد"":

""ثاد"" (Terminal High Altitude Area Defense) هو نظام دفاع جوي متطور يهدف إلى اعتراض الصواريخ الباليستية في منتصف مسارها وأثناء المرحلة الأخيرة من تحليقها. يتميز هذا النظام بقدرته على التعامل مع الصواريخ ذات المدى البعيد والهجمات الشديدة، مما يجعله أداة دفاعية حاسمة في منطقة يسودها التوتر العسكري والسباق نحو التسلح.

منذ نشره، تم استخدام ""ثاد"" في إسرائيل في عدة مناسبات قتالية، حيث أظهر فعالية في اعتراض الصواريخ وحماية المدنيين، ما يعزز من مكانته كجزء لا يتجزأ من استراتيجية الدفاع الإسرائيلية. وفقاً لتقارير متخصصة، فإن النظام لم يواجه فشلاً في أي من المواجهات التي شارك فيها، مما يشير إلى موثوقيته العالية وكفاءته الفنية.

### الأبعاد الاستراتيجية والتأثيرات الإقليمية:

نشر ""ثاد"" في إسرائيل يعتبر مؤشراً على تعميق الشراكة العسكرية بين الولايات المتحدة وإسرائيل. هذه الخطوة لا تعزز من قدرات إسرائيل الدفاعية فحسب، بل تعمل أيضاً كرادع للتهديدات المحتملة من الدول والجماعات المعادية في المنطقة.",https://images.pexels.com/photos/6252726/pexels-photo-6252726.jpeg?auto=compress&cs=tinysrgb&h=350
NPR,Daniel Estrin,Trump has a deal for Netanyahu when they meet Tuesday. Will he take it?,"Israeli Prime Minister Benjamin Netanyahu will be the first foreign leader to visit the White House since President Trump's return to office, in a crucial meeting for the future of the Middle East.",https://www.npr.org/2025/02/03/nx-s1-5282037/trump-deal-netanyahu-gaza-hamas,2025-02-03T14:38:27Z,"## تحليل اللقاء المرتقب بين ترامب ونتنياهو: الفرص والتحديات

في خطوة تواكب عودة الرئيس دونالد ترامب إلى البيت الأبيض، يستعد رئيس وزراء إسرائيل بنيامين نتنياهو لزيارة واشنطن يوم الثلاثاء المقبل، في ما يعد أول لقاء مع زعيم أجنبي منذ تولي ترامب المنصب مجددًا. تأتي هذه الزيارة في ظل ظروف معقدة تموج بها منطقة الشرق الأوسط، وبالتالي فإن النتائج المترتبة على هذا اللقاء قد تحمل في طياتها تغييرات مهمة لمستقبل المنطقة.

### السياق الجيوسياسي

تحل هذه الزيارة في وقت تشهد فيه العلاقات الأمريكية الإسرائيلية نوعاً من التجدد والترقب، خاصة بعد فترة من التحولات الدولية التي شهدتها السياسة الأمريكية تحت إدارة الرئيس السابق جو بايدن. عودة ترامب تعني ربما عودة بعض السياسات التي كانت سائدة في ولايته الأولى، والتي كانت تعتبر إسرائيل حليفًا استراتيجيًا رئيسيًا في الشرق الأوسط.

### تحديات العلاقات الثنائية

أحد الجوانب الرئيسية التي يجب أن تبرز في هذا اللقاء هو موضوع الأمن الإقليمي. الجانب الإسرائيلي يأمل في تعزيز التزامات الأمن الأمريكية والحصول على دعم مستقر يتماشى مع التحديات التي تواجهها إسرائيل في المنطقة، بما في ذلك التهديدات من إيران والجماعات المسلحة كحزب الله. لن يقتصر الأمر على الدعم العسكري فحسب، بل يشمل أيضاً الدعم الدبلوماسي في المنابر الدولية، والذي كان أحد الأعمدة الأساسية في سياسة ترامب خلال ولايته الأولى.

### الأبعاد الاقتصادية

التعاون الاقتصادي بين البلدين يمثل ركيزة أخرى قد تطرح خلال هذه المحادثات. من المرجح أن يسعى نتنياهو لضمان استمرار الاستثمارات الأمريكية في إسرائيل، وكذلك فتح مجالات جديدة للتعاون في قطاعات مثل التكنولوجيا المتقدمة والأمن السيبراني. هذا في حين قد يرغب الجانب الأمريكي في استغلال الفرص الاقتصادية التي يمكن أن توفرها السوق الإسرائيلية، خصوصاً في ظل التطورات التكنولوجية الرائدة التي تشهدها.

### مسار السلام والتطبيع

لا يمكن تجاهل الدور الذي يمكن أن يلعبه ترامب في دفع مسارات السلام في الشرق الأوسط، خصوصاً بعد النجاحات التي حققتها اتفاقيات أبراهام في تطبيع العلاقات بين إسرائيل وعدد من الدول العربية. قد يكون هذا الملف على رأس الأجندة في اللقاء بين ترامب ونتنياهو، حيث يرغب الجانب الإسرائيلي في استمرار الدعم الأمريكي لتلك الاتفاقيات وتوسيع دائرة السلام لتشمل دولاً أخرى في المنطقة.

### التحديات الداخلية والخارجية

ومع ذلك، لا يخلو الطريق من التحديات. السياسة الداخلية في كلا البلدين قد تلقي بثقلها على المناقشات. في الولايات المتحدة، تعود ترامب إلى ساحة السياسة تحت ضغط من الانتقادات الداخلية والخارجية، بينما يواجه نتنياهو تحديات من الجانب السياسي والشعبي في إسرائيل.

### الأهمية الاستراتيجية للقاء

بالنظر إلى مجموع هذه العوامل، يمكن القول بأن اللقاء بين ترامب ونتنياهو لا يحمل فقط أهمية بالغة للبلدين، بل يمتد تأثيره ليشمل الاستقرار الإقليمي في منطقة الشرق الأوسط بأسرها. القرارات التي قد تتخذ خلال هذه المحادثات، سواء تلك المتعلقة بالأمن، الاقتصاد، أو السلام، ستكون حاسمة في تشكيل المشهد السياسي والجيوسياسي في المنطقة لسنوات قادمة.

### ختامًا

مع كل هذه الأبعاد، تترقب المنطقة والعالم نتائج هذا اللقاء الذي يعتبر بمثابة مفترق طرق للعديد من الملفات المعقدة في الشرق الأوسط. سيكون من المهم متابعة كيفية تعامل كلا الزعيمين مع الضغوطات الداخلية والخارجية، وكيف يمكن أن يؤثر ذلك على السياسات التي سيتم تبنيها.",https://images.pexels.com/photos/6953835/pexels-photo-6953835.jpeg?auto=compress&cs=tinysrgb&h=350
BBC News,,Anthony Zurcher: Real-estate instincts clash with America First worldview,"This isn't the first time he has seen a foreign policy problem as a business opportunity, writes Anthony Zurcher.",https://www.bbc.com/news/articles/ce9nmm3nvdno,2025-02-05T19:37:08Z,"عنوان: غرائز العقارات تتعارض مع نظرة أمريكا أولاً: تحليل لتعاملات زورشر السياسية

الوصف: ليست هذه المرة الأولى التي يرى فيها أنتوني زورشر مشكلة سياسية خارجية كفرصة تجارية.

في عالم سياسي معقد حيث تتداخل المصالح الشخصية مع السياسات العامة، يظهر أن الغرائز التجارية للشخصيات البارزة قد تؤدي إلى تعارض مباشر مع المبادئ التي تُعلنها تلك الشخصيات علنًا. أنتوني زورشر، الذي يمتلك خلفية طويلة في مجال العقارات، يُظهر هذا التعارض من خلال تعاملاته التي تتخطى حدود الأعمال التجارية العادية إلى أروقة السياسة الخارجية.

### التحليل التاريخي والسياق:
في جوهر قضية زورشر، يمكن للمرء أن يرى كيف أن تجربته في العقارات قد شكلت نهجه تجاه السياسة الخارجية. تجاربه في سوق العقارات، حيث البقاء للأكثر مرونة والقادر على التكيف مع الفرص السريعة، قد انعكست على طريقته في التعامل مع الشؤون الدولية. يُعتبر النظر إلى التحديات العالمية كفرص للكسب المادي جزءًا لا يتجزأ من طريقة تفكيره.

أحد الأمثلة البارزة على هذا التعارض هو كيفية تعامله مع الأزمات الدولية. بدلاً من السعي لحل النزاعات بطرق تقليدية تركز على الدبلوماسية والسلام، يبدو أن زورشر يبحث عن طرق لتحويل هذه الأزمات إلى فرص استثمارية، مما يثير التساؤلات حول الأخلاقيات والمسؤوليات الناشئة عن مثل هذه السلوكيات.

### تحديات الانفصال بين الأعمال الخاصة والمسؤولية العامة:
أحد الجوانب الإشكالية في تعامل زورشر مع السياسة الخارجية هو تعذر فصل مصالحه التجارية الخاصة عن منصبه العام. هذا التداخل يؤدي إلى مخاطر عديدة، بما في ذلك تضارب المصالح وإمكانية تغليب المكاسب الخاصة على الخير العام. 

في حقبة تتميز بتصاعد التوترات العالمية وتوقعات المواطنين بنهج أكثر شفافية ومسؤولية من قبل قادتهم، يصبح من الضروري التساؤل عن السبل التي يمكن من خلالها فصل المصالح الخاصة عن تلك العامة بشكل فعّال.

### العواقب على السياسة الخارجية الأمريكية:
تأثير مثل هذه الممارسات لا يقتصر على الصورة الذاتية لزورشر فحسب، بل يمتد إلى كيفية رؤية العالم لأمريكا. العالم يراقب، والأفعال التي تعكس المصالح الذاتية أكثر من الاهتمام بالاستقرار العالمي أو النمو المشترك قد تضر بسمعة أمريكا وتُعقد من علاقاتها الدولية.

إضافة إلى ذلك، قد يؤدي تغليب المصالح الاقتصادية الخاصة في زمن الأزمات إلى ضياع فرص لتعزيز السلام والتعاون الدولي. الفرص التي تم إغفالها لأجل الكسب المادي قد تُحدث آثارًا طويلة الأمد على السياسة الخارجية للولايات المتحدة وعلى استقرار النظام العالمي.

### تحليل نهج زورشر ومقارنته بالمعايير الدولية:
من المهم بمكان دراسة كيفية تمايز نهج زورشر عن نهج قادة آخرين لهم خلفيات في الأعمال الخاصة. القيام بتحليل مقارن يمكن أن يُظهر إذا ما كانت حالات مماثلة قد نجحت في تحقيق التوازن بين المصالح الخاصة والمسؤوليات العامة بشكل أكثر فعالية.

### خاتمة:
في عصر يُطالب فيه بالشفافية والمساءلة، يصبح من الضروري للغاية التفكير في كيفية تأثير الغرائز العقارية لقادة مثل زورشر على السياسة الخارجية. الفهم العميق لهذه الديناميكيات مهم للغاية لضمان أن تُدار الشؤون الدولية بطريقة تخدم الخير العام وتحافظ على الاستقرار العالمي، بدلاً من تفضيل المصالح الضيقة التي قد تؤدي إلى المزيد من التعقيدات الدولية.",https://images.pexels.com/photos/30526164/pexels-photo-30526164.jpeg?auto=compress&cs=tinysrgb&h=350
ABC News,"David Brennan, Nadine El-Bawab",Middle East live updates: IDF prepares for hostage release,The ceasefire began Sunday after Hamas supplied a list of the hostages slated for return to Israel.,https://abcnews.go.com/International/live-updates/middle-east-live-updates-red-cross-details-complex/?id=117876972,2025-01-25T07:09:40Z,"عنوان المقال: تحديثات مباشرة من الشرق الأوسط: الجيش الإسرائيلي يتأهب لإطلاق سراح الرهائن

مقدمة:
بدأ سريان وقف إطلاق النار يوم الأحد الماضي، في خطوة قد تمثل تحولاً مهماً في النزاع المستمر بين إسرائيل وحماس، حيث قدمت حماس قائمة بأسماء الرهائن المقرر إطلاق سراحهم، وهي خطوة اعتبرها الكثيرون بمثابة بارقة أمل لإنهاء المعاناة الإنسانية وإعادة الهدوء إلى المنطقة. ومع ذلك، لا تزال هناك تحديات جوهرية قد تعقد هذه العملية، بما في ذلك الضغوط السياسية المحلية والدولية، ومشاكل الثقة بين الجانبين، وتأثير الجماعات المتطرفة. في هذا السياق، سيتناول هذا التحليل العميق الظروف التي أدت إلى هذه المبادرة، والتحديات المحتملة التي قد تواجهها، والآفاق المستقبلية للسلام في المنطقة.

الجزء الأول: الظروف التي أدت إلى وقف إطلاق النار ومبادرة الرهائن
لفهم الأسباب التي دفعت حماس لتقديم قائمة الرهائن، من المهم تحليل الأوضاع الميدانية والسياسية التي ضغطت على الحركة. أولاً، تجدر الإشارة إلى أن حماس، ومن خلال هذه الخطوة، تسعى لتعزيز مكانتها السياسية والميدانية بين الفلسطينيين وفي المحافل الدولية. كما أن الضغوط الدولية ولا سيما تلك القادمة من الدول العربية والمجتمع الدولي، قد لعبت دوراً كبيراً في دفع حماس نحو تقديم تنازلات.

الجزء الثاني: التحديات اللوجستية والأمنية
إطلاق سراح الرهائن ليس بالعملية البسيطة، خصوصاً أنه يتطلب تنسيقاً محكماً بين العديد من الجهات. الجيش الإسرائيلي، الذي يتولى مسؤولية استلام الرهائن، يواجه تحديات تتعلق بضمان سلامة الرهائن أثناء عملية التسليم والتأكد من عدم وجود أية ملغمات أو تهديدات أمنية قد ترافق العملية. كما أن هناك التحديات اللوجستية المتعلقة بالنقل والتفاوض حول الأماكن والزمان المناسب لإتمام عملية التسليم.

الجزء الثالث: الآثار السياسية والنفسية
لا شك أن إطلاق سراح الرهائن سيكون له آثاره السياسية على الساحتين الإسرائيلية والفلسطينية. فمن جهة، قد يعزز هذا التطور من موقف الحكومة الإسرائيلية الحالية التي تواجه انتقادات داخلية وخارجية. ومن جهة أخرى، قد يشكل هذا الحدث دفعة قوية لحماس، التي تسعى لترسيخ صورتها كفاعل قوي ومؤثر في القضية الفلسطينية. بالإضافة إلى ذلك، يحمل إطلاق سراح الرهائن أيضاً بُعداً نفسياً كبيرًا، حيث يمكن أن يسهم في تخفيف التوترات العامة ويفتح الباب أمام إمكانية التفاوض والحوار.

الجزء الرابع: المستقبل وآفاق السلام
على الرغم من أن إطلاق سراح الرهائن يمكن أن يعتبر خطوة إيجابية نحو تحقيق السلام، إلا أن الطريق لا يزال طويلاً ومليئاً بالتحديات. السلام الدائم يتطلب جهوداً مستمرة والتزاماً من كلا الجانبين للتغلب على الخلافات العميقة.",https://images.pexels.com/photos/6252879/pexels-photo-6252879.jpeg?auto=compress&cs=tinysrgb&h=350
Time,Sefa Secen & Serhun Al / Made by History,History Suggests That Addressing Kurdish Demands Is Essential to Peace in the Middle East,"The Kurds have spent a century fighting for autonomy and confronting brutal repression by Turkey, Syria, Iraq, and Iran.",https://time.com/7207397/kurdish-middle-east-peace/,2025-02-07T14:00:00Z,"عنوان المقال: يشير التاريخ إلى أن تلبية مطالب الأكراد ضرورية للسلام في الشرق الأوسط

الوصف: لقد قضى الأكراد قرنًا من الزمان يقاتلون من أجل الحصول على الحكم الذاتي ومواجهة القمع الوحشي من قبل تركيا وسوريا والعراق وإيران.

مقدمة:
عبر التاريخ المعاصر للشرق الأوسط، كان السعي الكردي نحو تحقيق الاستقلال أو على الأقل الحكم الذاتي، محورًا لكثير من الأزمات والنزاعات الإقليمية. الأكراد، الذين يشكلون واحدة من أكبر الجماعات العرقية في العالم بدون دولة، قد واجهوا مراراً وتكراراً القمع في الدول التي يعيشون ضمن حدودها مثل تركيا وإيران والعراق وسوريا. استعراض التاريخ الكردي وتحليل الإجراءات السياسية يظهر بوضوح أن تلبية مطالب الأكراد قد تشكل جزءًا مهمًا من حل النزاعات في المنطقة وتحقيق سلام دائم.

التاريخ السياسي والثقافي للأكراد:
الأكراد، الذين ينتشرون بين الحدود المعاصرة لأربع دول، ولديهم تاريخ طويل من النضال من أجل الاعتراف السياسي والثقافي. بعد الحرب العالمية الأولى وتفكك الإمبراطورية العثمانية، تم تجزئة الأراضي الكردية بموجب معاهدة سيفر ولاحقًا لوزان، مما أدى إلى تشتيت الأكراد عبر الدول الأربع المذكورة. في كل من هذه الدول، واجه الأكراد سياسات قمعية تهدف إلى طمس هويتهم الثقافية واللغوية، وتحويلهم إلى مجرد أقليات تابعة للثقافات السائدة.

النضال من أجل الحكم الذاتي والاستجابات الدولية:
في العراق، حقق الأكراد بعض النجاح في الحصول على الحكم الذاتي، خاصة بعد الحرب الخليج الثانية وسقوط صدام حسين، حيث تم إنشاء إقليم كردستان العراقي. بالمقابل، في تركيا، قوبلت مطالب الأكراد بردود فعل عنيفة وسياسات قمعية، كما يتضح من الصراع المستمر بين الدولة التركية وحزب العمال الكردستاني (PKK). في سوريا، خلال الحرب الأهلية، وجد الأكراد فرصة للمطالبة بالحقوق والحكم الذاتي في الشمال السوري، مما أدى إلى تعقيد الصراع. في إيران، يستمر الضغط السياسي والثقافي على الأكراد، مع قليل من الاعتراف بحقوقهم الأساسية.

التحديات الإقليمية والاعتبارات الجيوسياسية:
تتقاطع القضية الكردية مع العديد من المصالح الجيوسياسية في المنطقة. الدول المعنية، بما في ذلك القوى الخارجية مثل الولايات المتحدة وروسيا، لها مصالح متباينة قد تؤثر على السياسة تجاه الأكراد. على سبيل المثال، الدعم الأمريكي للأكراد في سوريا في محاربتهم ضد داعش، خلق توترات مع تركيا، العضو في الناتو، التي تنظر إلى بعض الجماعات الكردية كمنظمات إرهابية.

المستقبل المحتمل وسبل السلام:
في سياق البحث عن سلام دائم في الشرق الأوسط، يظل التعامل مع القضية الكردية عنصرًا حاسمًا. الاعتراف بالحقوق الثقافية والسياسية للأكراد وإدماجهم في العمليات السياسية بشكل مستقر قد يؤدي إلى تخفيف التوترات في المنطقة. المطالب الكردية ليست مجرد تحديات أمنية بل هي قضايا تتعلق بالعدالة والمساواة.

خاتمة:
التاريخ يشير بوضوح إلى أن تلبية مطالب وحقوق الأكراد قد تكون مفتاحًا لتحقيق الاستقرار والسلام في منطقة الشرق الأوسط. الحلول العادلة التي تعترف بالهوية الكردية وتحمي حقوقهم قد تساهم في تحقيق تقدم كبير نحو السلام الإقليمي، مما يعكس أهمية تلبية مطالبهم ضمن أي عملية سلام شاملة في المستقبل.

لقد قدم هذا المقال تحليلاً متعمقًا للقضية الكردية، مستعرضًا تاريخهم الطويل من النضال، ومشيراً إلى أن الاعتراف بحقوق الأكراد قد يكون خطوة حاسمة نحو السلام في الشرق الأوسط.",https://images.pexels.com/photos/11264065/pexels-photo-11264065.jpeg?auto=compress&cs=tinysrgb&h=350
NPR,Kat Lonsdorf,Israel and Hamas Reach A Deal to End the War in Gaza,"A ceasefire deal has been announced that would end more than 15 months of war between Israel and Hamas in Gaza. We learn about the details, how the agreement was reached and hear reaction from Israelis and Palestinians. We also look at what the war has meant …",https://www.npr.org/2025/01/15/1224776156/israel-and-hamas-reach-a-deal-to-end-the-war-in-gaza,2025-01-15T23:25:05Z,"**عنوان: اتفاق الهدنة بين إسرائيل وحماس - نهاية الحرب في غزة أم بداية صفحة جديدة؟**

بعد أكثر من خمسة عشر شهرًا من الصراع المستمر، أُعلن أخيرًا عن التوصل إلى اتفاق لوقف إطلاق النار بين إسرائيل وحماس. هذا الاتفاق الذي يسعى إلى طي صفحة من العنف المتبادل قد يشير إلى نهاية لمرحلة الحرب في غزة، لكن التحديات التي تواجهها الأطراف المعنية تبقى غير محدودة وتعقيدات الوضع الحالي تطرح تساؤلات حول مستقبل السلام في المنطقة.

### تفاصيل الاتفاق

الاتفاق، الذي تم التوصل إليه بوساطة دولية ضمت مصر والولايات المتحدة والأمم المتحدة، يتضمن عدة بنود أساسية تشمل وقف الأعمال العدائية من الجانبين، وفتح الممرات الإنسانية لإدخال المساعدات إلى غزة، والبدء بمباحثات لتبادل الأسرى بين إسرائيل وحماس. هذه الخطوات تأتي لتهدئة الأوضاع المتفجرة وتقديم فرصة لإعادة بناء ما دمره القتال.

### كيف تم التوصل إلى الاتفاق؟

الطريق إلى الاتفاق كان محفوفًا بالتحديات، حيث شهدت الأشهر الماضية تصاعدًا في وتيرة العمليات العسكرية والهجمات. الضغوط الدولية والحاجة الماسة لوقف الخسائر البشرية دفعت الأطراف الدولية إلى تكثيف جهودها للتوسط في الأزمة. المساعي الدبلوماسية شملت مفاوضات ماراثونية تخللتها فترات من الركود والتوتر المتصاعد.

### ردود الفعل

الشارع الإسرائيلي والفلسطيني على حد سواء عبر عن مشاعر متباينة تجاه الاتفاق. في إسرائيل، يرى البعض أن الاتفاق يمثل خطوة نحو الأمان والاستقرار، بينما يعتبره آخرون تنازلاً يمكن أن يعرض الأمن القومي للخطر. في غزة، استقبل الاتفاق بمزيج من الارتياح والحذر، حيث يأمل الكثيرون في تحسن الظروف المعيشية ولكن يخشون من أن الاتفاق لن يكون سوى هدنة مؤقتة في صراع طويل الأمد.

### تحليل الوضع

من الواضح أن الاتفاق يمثل مرحلة مفصلية في الصراع، لكنه لا يزال بعيدًا عن أن يكون حلاً شاملاً للقضية الفلسطينية. العقبات التي تواجه عملية السلام ما زالت كبيرة وتشمل الاستيطان، والحالة الإنسانية في غزة، والانقسامات الداخلية بين الفلسطينيين، والسياسات الإسرائيلية تجاه الفلسطينيين. 

### الآفاق المستقبلية

مع وضع الاتفاق موضع التنفيذ، يظل السؤال المحوري: هل يمكن أن يكون هذا الاتفاق نقطة انطلاق نحو مستقبل أكثر استقرارًا؟ الحاجة ماسة لاستراتيجيات بعيدة المدى تعالج الأسباب الجذرية للصراع وتضع الأساس لسلام دائم. هذا يتطلب التزامًا من كل الأطراف بالعمل على تحقيق تقدم على المسار السياسي والإنساني على حد سواء.

في النهاية، يظل تحقيق السلام في الشرق الأوسط تحدياً يتطلب الصبر والعزيمة والتفاهم المتبادل. ومع كل خطوة نحو السلام، يجب أن نتذكر أن الطريق ما زال طويلاً وشاقاً، وأن الأمل في مستقبل أفضل يجب أن يظل حياً في قلوب جميع الأطراف المعنية.",https://images.pexels.com/photos/18854038/pexels-photo-18854038.jpeg?auto=compress&cs=tinysrgb&h=350
ABC News,"Ian Pannell, Michael Mendelsohn, Tommy Brooksbank, Sean Keane",How Trump is likely to wield America's power around the world,"President Trump's first term and campaign promises may hint at his plans for America's relationships with Ukraine, Russia, China, Mexico and the Middle East.",https://abcnews.go.com/Politics/trump-wield-americas-power-world/story?id=117886041,2025-01-22T19:21:38Z,"عنوان: كيف من المحتمل أن يستخدم ترامب قوة أمريكا حول العالم

مقدمة:
تركت الولاية الأولى للرئيس دونالد ترامب بصمات واضحة على سياسة الولايات المتحدة الخارجية، ومع اقتراب انتخابات 2024، تبرز تساؤلات حول كيفية تعامله مع القوى الكبرى والمناطق الاستراتيجية في العالم مثل أوكرانيا، روسيا، الصين، المكسيك، والشرق الأوسط. في هذا المقال، سنقوم بتحليل السياسات التي انتهجها ترامب خلال ولايته الأولى والوعود التي قدمها خلال حملته الانتخابية لاستشراف كيفية استخدامه للقوة الأمريكية في المستقبل.

العلاقة مع أوكرانيا:
خلال فترة رئاسة ترامب الأولى، شهدت العلاقات الأمريكية-الأوكرانية توترًا غير مسبوق بسبب الفضيحة المتعلقة بالضغوط السياسية التي مارسها ترامب لتحقيق مصالح شخصية. ومع ذلك، في سياق أوسع، حافظت إدارته على دعم أوكرانيا في مواجهة التوسع الروسي، وهو ما تمثل في الموافقة على بيع الأسلحة الفتاكة لأوكرانيا. إذا أعيد انتخاب ترامب، قد يستمر هذا الدعم لكن مع نهج أكثر حذرًا، خاصة في ظل تزايد النفوذ الروسي والأوروبي في المنطقة.

العلاقات الأمريكية-الروسية:
تميزت العلاقات بين واشنطن وموسكو بالتعقيد خلال ولاية ترامب. فمن جهة، أبدى ترامب إعجابًا بالرئيس الروسي فلاديمير بوتين، ومن جهة أخرى، واجه الضغوط الداخلية لتشديد العقوبات ضد روسيا. في ولاية ثانية، يبدو أن ترامب قد يسعى لتحسين العلاقات مع روسيا، خاصة في إطار تحدي النفوذ الصيني العالمي، ولكن هذا سيتوقف على التوازنات الجديدة في السياسة الخارجية الأمريكية والضغوط من الحلفاء التقليديين في الناتو.

التحدي الصيني:
كانت الصين واحدة من أبرز القضايا في السياسة الخارجية لترامب، حيث فرض عقوبات تجارية قاسية بهدف تقليص العجز التجاري الأمريكي وحماية الصناعات الأمريكية. رغم ذلك، لم تؤد هذه السياسات إلى تغيير جوهري في سلوك الصين. في ولاية ثانية، من المحتمل أن يواصل ترامب مواجهته مع الصين، خاصة في مجالات التكنولوجيا والأمن القومي، ولكنه قد يواجه تحديات في الحفاظ على التحالفات الدولية التي تضررت بفعل نهجه الأحادي.

المكسيك وقضايا الهجرة:
أدت السياسات المتشددة التي اتبعها ترامب تجاه المكسيك، بما في ذلك بناء الجدار الحدودي وتشديد قوانين الهجرة، إلى توترات كبيرة. ومع ذلك، لم تتحقق النتائج المرجوة في تقليل معدلات الهجرة الغير شرعية. في ولاية ثانية، من المحتمل أن يستمر ترامب في اعتماد سياسات مماثلة، رغم الانتقادات الدولية والمحلية.

الشرق الأوسط:
لعب ترامب دورًا محوريًا في إعادة تشكيل العلاقات في الشرق الأوسط، خاصة من خلال الاتفاقيات التي توسط فيها بين إسرائيل وعدد من الدول العربية. وبالرغم من النجاحات الظاهرة، إلا أن القضايا الأساسية مثل الصراع الفلسطيني-الإسرائيلي لم تجد طريقها إلى حلول جذرية. في ولاية ثانية، قد يواصل ترامب سياساته التي تركز على تعزيز العلاقات مع الدول العربية المعتدلة والضغط على إيران، لكن التحديات ستظل قائمة في ظل التعقيدات الإقليمية.

خاتمة:
في النهاية، إن السياسة الخارجية التي من المحتمل أن يتبعها دونالد ترامب في ولاية ثانية ستستمر في تحمل بصمات الولاية الأولى، لكن مع التعديلات التي تفرضها الظروف الجديدة والردود على السياسات السابقة. ستبقى الأولويات متمحورة حول تعزيز مكانة الولايات المتحدة والحفاظ على أمنها القومي، لكن الطريقة التي سيتم بها تحقيق هذه الأهداف قد تختلف تبعًا للتغيرات في الأوضاع الدولية والداخلية.",https://images.pexels.com/photos/6257647/pexels-photo-6257647.jpeg?auto=compress&cs=tinysrgb&h=350
ABC News,Kevin Shalvey,Middle East live updates: Crowds trek into northern Gaza amid fragile ceasefire,Long lines of Palestinians -- some kneeling to kiss the soil as they stepped into the northern part of the strip -- were making their way home on Monday.,https://abcnews.go.com/International/live-updates/israel-hamas-hezbollah/?id=118131727,2025-01-27T10:32:49Z,"عنوان: تحديثات مباشرة من الشرق الأوسط: تدفق الجماهير إلى شمال غزة وسط هدنة هشة

مع فجر اليوم الاثنين، شهدت منطقة شمال قطاع غزة مشاهد مؤثرة لطوابير طويلة من الفلسطينيين يعبرون الحدود إلى ديارهم، بعضهم انحنى لتقبيل تراب الأرض التي غابوا عنها طويلاً، في رمز عميق للتعلق بالأرض والهوية. هذه العودة المؤقتة تأتي في ظل هدنة هشة أعلنت بعد أسابيع من القصف والعمليات العسكرية التي شنتها إسرائيل ضد الفصائل المسلحة في غزة، والتي تعد الأعنف منذ صيف 2014.

الهدنة التي تم التوصل إليها بوساطات دولية مكثفة، تسمح بالعودة المؤقتة للسكان لتفقد منازلهم وربما لاستعادة بعض ممتلكاتهم، مع العلم أن الوضع لا يزال متوتراً وقابل للانفجار بأي لحظة. يطرح هذا الوضع العديد من الأسئلة حول مستقبل الهدنة، وإمكانية تجديدها أو انهيارها، والتأثيرات طويلة الأمد للصراع الحالي الذي يعيد رسم ملامح المنطقة.

يمكن تحليل الأحداث الجارية في شمال غزة من خلال عدة محاور:

### 1. الأبعاد الإنسانية:

المشاهد الإنسانية في شمال غزة تعكس عمق الأزمة التي يعيشها الفلسطينيون. العودة إلى الأنقاض التي كانت يوماً منازل تحمل الكثير من المعاني الإنسانية والنفسية. الفرحة بالعودة تختلط بألم الخسارة والدمار الذي لحق بممتلكاتهم. يعكس هذا الوضع الحاجة الملحة لتدخلات إنسانية واسعة النطاق لضمان توفير الحماية والمساعدة للعائدين، خصوصاً في مجالات الغذاء، الصحة، وإعادة الإعمار.

### 2. الجوانب السياسية والدبلوماسية:

الهدنة تأتي في ظل ضغوط دولية كبيرة على الأطراف المتحاربة لتجنب تصعيد يمكن أن يتحول إلى حرب شاملة. الدور الذي لعبته وساطات مثل مصر وقطر والأمم المتحدة كان حاسماً في تحقيق هذا الهدوء المؤقت. ومع ذلك، تبقى الأسئلة مفتوحة حول مدى استدامة هذا الوضع، والتحديات التي تواجه الوصول إلى حل شامل يضمن الأمن والاستقرار لجميع الأطراف.

### 3. التأثيرات الإقليمية:

الصراع في غزة لا يؤثر فقط على إسرائيل والفلسطينيين، بل يمتد تأثيره إلى الإقليم بأسره. الدول المجاورة مثل مصر والأردن وحتى دول الخليج تتأثر بالتوترات الأمنية والإنسانية التي تتولد عن هذه الأزمات. كما أن الأزمة تعد مؤشراً للتوترات الأوسع في الشرق الأوسط، والتي تشمل الصراعات في سوريا، لبنان واليمن.

### 4. الآفاق المستقبلية:

من الضروري التفكير في الحلول طويلة الأمد للأزمة في غزة والصراع الأوسع بين إسرائيل والفلسطينيين. تحتاج العملية إلى إعادة تقييم للمقاربات السابقة التي فشلت في تحقيق السلام والأمان للمدنيين. من الضروري بذل جهود دبلوماسية مكثفة لإشراك جميع الأطراف في حوار يضمن العدالة، الأمن والتنمية للمنطقة.

### 5. التحديات والمخاطر:

الهدنة الحالية، رغم أهميتها، تبقى هشة وقابلة للخرق في أي لحظة. الحاجة إلى ضمانات دولية لاحترام الهدنة وتمديدها أمر حيوي لتجنب دوامة جديدة من العنف. كما أن الحاجة ماسة لتعزيز مكانة القانون الدولي وحقوق الإنسان في المعاملات بين الأطراف لضمان حماية المدنيين والبنية التحتية المدنية.

في الختام، تشكل عودة الجماهير إلى شمال غزة فصلاً جديداً في مسلسل طويل من الأحداث المتقلبة في الشرق الأوسط. ومع حلول الليل، تسود أجواء من الحذر والترقب، في انتظار ما ستؤول إليه الأحداث في الأيام القادمة.",https://images.pexels.com/photos/6252879/pexels-photo-6252879.jpeg?auto=compress&cs=tinysrgb&h=350
ABC News,David Brennan,"Middle East live updates: 'Real chance' of Gaza ceasefire success, source says",The Israel Defense Forces continues its intense airstrike and ground campaigns in Gaza with ceasefire talks resuming in Qatar.,https://abcnews.go.com/International/live-updates/middle-east-live-updates-region-fundamentally-changed-biden/?id=117613593,2025-01-13T19:16:54Z,"### تحليل: فرص نجاح وقف إطلاق النار في غزة

#### **مقدمة**
تستمر عمليات القصف الجوي والحملات البرية التي تنفذها قوات الدفاع الإسرائيلية في قطاع غزة، في ظل تجدد المحادثات حول وقف إطلاق النار والتي تجري في دولة قطر. في وقت يصر فيه العالم على ضرورة إنهاء المعاناة الإنسانية المتزايدة، يبدو أن هناك ""فرصة حقيقية"" لنجاح هذه المحادثات وفقاً لمصادر مطلعة.

#### **السياق التاريخي والسياسي**
قطاع غزة، المساحة الصغيرة والمكتظة بالسكان، لطالما كان مركزًا للصراع الفلسطيني الإسرائيلي. اندلعت العديد من الحروب والمواجهات منذ انسحاب إسرائيل من القطاع في عام 2005. الحكومة الإسرائيلية تؤكد أن أعمالها العسكرية تأتي رداً على الهجمات التي يشنها المسلحون من غزة. من جانبها، تقول الفصائل الفلسطينية أنها تدافع عن النفس أمام الحصار والاحتلال.

#### **ديناميكيات وقف إطلاق النار**

1. **الوساطة القطرية**: قطر لعبت أدواراً متعددة في محاولة لتسوية الصراعات في المنطقة، وهي تقوم الآن بدور الوسيط في محادثات وقف إطلاق النار. يُعتقد أن لدى قطر تأثير معين على حركة حماس التي تسيطر على غزة، مما يمكن أن يسهل عملية التفاوض.

2. **الضغوط الدولية والإنسانية**: الصور والتقارير القادمة من غزة تظهر الوضع الإنساني الكارثي الذي يعيشه السكان هناك. هذه العوامل تحفز المجتمع الدولي للضغط من أجل التوصل إلى حل سريع.

3. **مواقف الفاعلين الإقليميين**: إيران وتركيا، وكذلك مصر والسعودية، تلعب كل منها دورًا في ديناميات المنطقة، وتأثيرها يمكن أن يكون مزدوجاً، سواء بتعزيز فرص السلام أو بتعقيد مسار التفاوض.

#### **تحليل الفرص والتحديات**

##### فرص:
- **الحاجة الملحة للحل**: الضرورات الإنسانية والضغوط الدولية تخلق بيئة قد تجبر الأطراف على التوصل لاتفاق.
- **الدور القطري**: تاريخ قطر في التوسط والعلاقات مع مختلف الأطراف يعطيها موقعاً مميزاً للتوسط بنجاح.

##### تحديات:
- **المطالب المتباينة**: توحيد المطالب والشروط بين الأطراف المختلفة يظل التحدي الأكبر.
- **التأثيرات الخارجية**: التدخلات والأجندات الإقليمية والدولية يمكن أن تعرقل الجهود.

#### **السيناريوهات المحتملة**

1. **النجاح السريع**: توصل إلى اتفاق يؤدي إلى وقف دائم لإطلاق النار مع توفير ضمانات للأمن والإعمار.
2. **الفشل واستمرار الصراع**: عدم التوصل لاتفاق يؤدي إلى استمرار العمليات العسكرية وتفاقم الوضع الإنساني.
3. **الحلول المؤقتة**: اتفاقات مؤقتة تؤدي إلى فترات هدوء تليها تصعيد، بما يشبه الوضع الراهن.

#### **خاتمة**

في ظل الظروف الراهنة، تبقى الأنظار متجهة نحو الجهود الدبلوماسية في قطر لمعرفة ما إذا كان يمكن أن يُكتب لها النجاح في وقف دوامة العنف المستمرة. التحديات كبيرة، لكن الحاجة الماسة للسلام قد تدفع الأطراف نحو تقديم تنازلات لازمة من أجل الوصول إلى حلّ يرضي جميع الأطراف وينهي معاناة المد Civilians.",https://images.pexels.com/photos/5614592/pexels-photo-5614592.jpeg?auto=compress&cs=tinysrgb&h=350
BBC News,,Why does Trump want to take over Gaza and could he do it?,The president's vision for a Gaza under US control could upend the future of Middle East relations.,https://www.bbc.com/news/articles/cn4z32y12jpo,2025-02-05T16:12:08Z,"مقدمة:
في الؤالة الأخيرة، طفت على السطح تقارير تشير إلى أن الرئيس الأمريكي السابق، دونالد ترامب، يعبر عن رغبة غير متوقعة في ""السيطرة"" على قطاع غزة، الأمر الذي أثار جدلاً واسعاً وتساؤلات حول الدوافع والإمكانيات والتأثيرات المحتملة لمثل هذه الخطوة. هذا المقال يهدف إلى تحليل هذه الأفكار، مستنداً إلى بيانات وتحليلات موضوعية لفهم السياق الأوسع للشرق الأوسط والعلاقات الدولية.

السياق السياسي والجغرافي لقطاع غزة:
قطاع غزة، المنطقة الصغيرة والمكتظة بالسكان على ساحل البحر الأبيض المتوسط، يعتبر من أكثر المناطق تعقيداً في النزاع الإسرائيلي-الفلسطيني. يحكمها حالياً حركة حماس، التي تصنفها العديد من الدول، بما في ذلك الولايات المتحدة، كمنظمة إرهابية. الوضع الإنساني في القطاع متدهور بشكل كبير بسبب الحصار الإسرائيلي والمصري، والفقر، والبطالة، والنقص الحاد في الخدمات الأساسية مثل الكهرباء والماء النظيف.

الدوافع المحتملة وراء رغبة ترامب:
لم يعبر ترامب علنًا عن نواياه حول غزة في فترة رئاسته، ولكن تحليل السياسات السابقة قد يوفر بعض الإشارات. خلال فترة إدارته، أظهر ترامب اهتماماً كبيراً بإعادة تشكيل السياسة الأمريكية في الشرق الأوسط، كما يتضح من خطة السلام التي أطلقتها إدارته، والمعروفة بـ ""صفقة القرن""، والتي جاءت لتصب في مصلحة الأجندة الإسرائيلية أكثر منها لتحقيق التوازن العادل بين الطرفين. قد تكون رغبته في التأثير على غزة امتداداً لهذه السياسات، سواء لأسباب استراتيجية تتعلق بتعزيز النفوذ الأمريكي في المنطقة، أو لأسباب أيديولوجية تتعلق بدعم إسرائيل.

التحديات القانونية والعملية:
من الناحية القانونية، تواجه فكرة السيطرة الأمريكية على غزة تحديات جمة. القانون الدولي، بما في ذلك ميثاق الأمم المتحدة، يحظر اكتساب الأراضي بالقوة. كما أن أي تحرك أمريكي نحو غزة سيحتاج إلى دعم دولي واسع، الأمر الذي يبدو غير مرجح في ظل الدعم الدولي لحل الدولتين والوضع القائم.

من الناحية العملية، السيطرة على غزة تتطلب عملاً عسكرياً وإدارياً ضخماً. الولايات المتحدة، رغم قدراتها العسكرية الهائلة، قد تجد صعوبة في إدارة منطقة معقدة مثل غزة دون تعاون محلي واسع النطاق، الأمر الذي يعد بالغ الصعوبة نظراً للمشاعر المعادية للأمريكية في الشرق الأوسط.

التأثيرات المحتملة على علاقات الشرق الأوسط:
فكرة السيطرة الأمريكية على غزة قد تؤدي إلى تغيرات جذرية في ديناميكيات الشرق الأوسط. هذه الخطوة قد تقوض الجهود الدولية لحل النزاع الإسرائيلي-الفلسطيني وتؤدي إلى زيادة التوترات في المنطقة. كما قد تثير ردود فعل عنيفة من المجتمع الدولي والعربي والإسلامي، مما قد يؤدي إلى عزلة دبلوماسية للولايات المتحدة.

اختتام:
في النهاية، مع الأخذ بعين الاعتبار كل هذه العوامل، يبقى السؤال حول إمكانية تحقيق ورغبة ترامب في السيطرة على غزة موضوعاً مثيراً للجدل وغير واقعي في الظروف الحالية. الأمر يتطلب نظرة شاملة تتجاوز البيانات الأولية وتفكر في العواقب البعيدة المدى لمثل هذا التحرك. تحليل السياسات الدولية والمواقف الإقليمية يظهر أن استقرار الشرق الأوسط يحتاج إلى حلول دبلوماسية متوازنة تحترم الحقوق والأمن لجميع الأطراف المعنية.",https://images.pexels.com/photos/6257648/pexels-photo-6257648.jpeg?auto=compress&cs=tinysrgb&h=350
BBC News,,Watch: Cautious celebrations in Gaza as ceasefire begins,BBC Middle East Correspondent Rushdi Abualouf says people in Gaza are wary about what the future holds.,https://www.bbc.com/news/videos/c15zq07pz5jo,2025-01-19T12:05:25Z,"عنوان المقال: احتفالات حذرة في غزة مع بدء سريان وقف إطلاق النار: ما بين الأمل والترقب

مع إعلان وقف إطلاق النار في غزة، استقبل السكان الخبر بمزيج من الارتياح والحذر، وسط ترقب مشوب بالقلق حول مدى ديمومة هذا الهدنة وتأثيراتها المستقبلية على الوضع الإنساني والسياسي في القطاع المحاصر. تقف غزة، اليوم، على مفترق طرق حيث تتجاذبها أطياف من الأمل في استقرار طال انتظاره وبين واقع مثقل بتجارب سابقة من انتهاكات الهدن وتجدد العنف. في هذا المقال، نحلل السياق والأبعاد المتعددة لهذا الوقف لإطلاق النار، مستعرضين العوامل التي قد تؤثر على استدامته والمسارات المحتملة للمستقبل في غزة.

### السياق الحالي لوقف إطلاق النار

بعد أسابيع من التصعيد العسكري والقصف المتبادل، جاء الإعلان عن وقف إطلاق النار كنتيجة لجهود دولية وإقليمية مكثفة ضمت وساطات من عدة دول بما في ذلك مصر وقطر والأمم المتحدة. يُنظر إلى هذا الوقف كفرصة لتفادي مزيد من الخسائر البشرية وتدهور الوضع الإنساني الذي وصل إلى مستويات مأساوية في القطاع.

### التحليل الاستراتيجي للأطراف المعنية

على الجانب الإسرائيلي، يبدو أن هناك تقييمات متباينة حول جدوى العمليات العسكرية والتكتيكات الرامية إلى القضاء على قدرات حماس العسكرية أو تقليصها بشكل كبير. من جانبها، تبقى حماس، التي تسيطر على غزة، تحت الضغط الشعبي والدولي للحفاظ على الهدنة طالما أنها تؤدي إلى تخفيف الحصار وتحسين الوضع الإنساني.

### الأبعاد الإنسانية والاقتصادية

يُعتبر وقف إطلاق النار، بشكل مؤقت، بارقة أمل للسكان الذين يكافحون يومياً للحصول على الاحتياجات الأساسية من طعام وماء ودواء. الوضع في غزة، والذي تفاقم بفعل الحصار والعمليات العسكرية، يتطلب استجابة إنسانية عاجلة لإعادة بناء ما دمرته الحرب ولضمان استمرار الخدمات الأساسية مثل الصحة والتعليم.

### تحديات ديمومة الهدنة

تاريخ المنطقة مليء بالمحاولات الفاشلة للحفاظ على الهدوء، حيث غالباً ما تنهار الهدن بسبب عدم الثقة المتبادلة بين الأطراف وعدم القدرة على معالجة الجذور العميقة للنزاع. الإشكاليات الكبيرة مثل الأمن، والحقوق، والحدود، واللاجئين لا تزال دون حلول جذرية، ما يجعل أي هدنة محفوفة بالمخاطر وقابلة للانهيار بسهولة.

### الأبعاد السياسية للهدنة

وقف إطلاق النار هو أيضًا ساحة للتجاذبات السياسية الداخلية والخارجية. بالنسبة لإسرائيل، تمثل الأحداث الأخيرة تحدياً للسياسة الداخلية وتعكس على قدرة الحكومة على إدارة الأزمة. من جهة أخرى، تعزز حماس موقفها كممثل رئيسي للفلسطينيين في غزة، لكنها تواجه تحديات بخصوص مدى قدرتها على تحقيق مطالب السكان في ظل الضغوط الإقليمية والدولية.",https://images.pexels.com/photos/561870/pexels-photo-561870.jpeg?auto=compress&cs=tinysrgb&h=350
BBC News,,Driver stopped in Tesla Cybertruck banned in UK,"The eye-catching vehicle, which carries a price tag of about £48,000, is not yet legal on UK roads.",https://www.bbc.com/news/articles/cz0lldd30xlo,2025-01-17T11:35:20Z,"عنوان المقال: توقف سائق يقود تسلا سايبرترك في المملكة المتحدة، حيث لم تصبح السيارة قانونية بعد

في حادثة لفتت أنظار الجميع، تم مؤخرًا توقيف سائق كان يقود سيارة تسلا سايبرترك في المملكة المتحدة، رغم أن هذا الطراز من السيارات لا يزال غير مسموح به قانونيًا على الطرقات البريطانية. تعتبر السيارة، التي يبلغ سعرها حوالي 48,000 جنيه إسترليني، واحدة من أكثر المركبات التي أثارت جدلاً في السنوات الأخيرة بسبب تصميمها الفريد والمستقبلي. هذا النوع من السيارات، الذي تم الإعلان عنه لأول مرة في نوفمبر 2019، جذب اهتمام العديد بفضل مواصفاته التقنية المتقدمة وقدرته على الأداء في ظروف الطرق الصعبة. ومع ذلك، لم تتم الموافقة بعد على هذه السيارة لتكون قانونية للقيادة في شوارع المملكة المتحدة، ما يثير تساؤلات حول التحديات التنظيمية والسلامة التي تواجه السيارات الكهربائية الجديدة.

### التحليل القانوني والتنظيمي
القوانين التي تحكم المركبات والسلامة على الطرق في المملكة المتحدة صارمة ومصممة لضمان سلامة جميع المستخدمين. السيارات التي تُباع وتُستخدم في البلاد يجب أن تخضع لسلسلة من الاختبارات والتقييمات، بما في ذلك اختبارات الأمان والتوافق مع المعايير البيئية. تسلا سايبرترك، بتصميمها الغير تقليدي وهيكلها الذي يشبه الزاوية، قد يواجه تحديات في تلبية هذه المعايير بسبب قضايا مثل الرؤية والأمان للمشاة.

### التحديات البيئية والتقنية
سايبرترك، كونها سيارة كهربائية، تُعتبر جزءًا من التحول نحو تقنيات النقل المستدام. ومع ذلك، التحديات التي تواجه السيارات الكهربائية لا تقتصر على البطاريات والأداء فحسب، بل تشمل أيضًا القضايا الخاصة بالتصميم والتي قد تؤثر على سلامة السيارة وقدرتها على الاندماج بسلاسة في البنية التحتية القائمة للطرق.

### الأمان والقبول العام
رغم الاهتمام الكبير والطلب المتزايد على تسلا سايبرترك، هناك تحفظات بشأن تصميمها الذي قد يعتبره البعض غير مناسب للطرق المزدحمة والمعقدة في المدن البريطانية. القضايا مثل الرؤية المحدودة للسائق بسبب التصميم الزاوي والاهتمامات بالأمان للمشاة قد تحتاج إلى مراجعة وتعديل قبل أن تتمكن هذه السيارة من جذب قاعدة أوسع من المستخدمين.

### التأثير على صناعة السيارات
الحادثة التي تمثلت في توقيف سائق سايبرترك تُظهر الفجوة بين الابتكار التكنولوجي والأطر التنظيمية الموجودة التي لم تتكيف بعد مع التغيرات السريعة في صناعة السيارات. هذه الواقعة قد تدفع الصناعة والمنظمين إلى التفكير بشكل أعمق في كيفية تطوير قوانين وتقنيات تساهم في دمج هذه التقنيات المتقدمة بشكل فعال وآمن.",https://images.pexels.com/photos/29547347/pexels-photo-29547347.jpeg?auto=compress&cs=tinysrgb&h=350
ABC News,Alexandra Hutzler,Biden set to give farewell address after securing Israel-Hamas ceasefire deal,"President Biden will soon give a farewell address to the nation, reflecting on a long political career the same day he secured a major accomplishment in the Middle East.",https://abcnews.go.com/Politics/biden-set-give-farewell-address-after-securing-israel/story?id=117719108,2025-01-16T00:07:01Z,"عنوان: خطاب الوداع لبايدن: تأملات في مسيرة سياسية طويلة وإنجاز كبير في الشرق الأوسط

في خطوة مفاجئة ولكن ذات دلالات عميقة، يستعد الرئيس الأمريكي جو بايدن لإلقاء خطاب الوداع بعد أن اختتم مسيرته السياسية بتحقيق إنجاز بارز يتمثل في تأمين اتفاق لوقف إطلاق النار بين إسرائيل وحماس. يأتي هذا الاتفاق في أعقاب أسابيع من التوتر والنزاع الذي شهد تصاعداً في العنف مما جعل الحاجة إلى تدخل سريع وفعال أمراً ملحاً. ومع إلقاء بايدن خطابه الوداعي، يسلط الضوء على تراثه السياسي ومحطاته الرئيسية التي شكلت السياسة الأمريكية والعالمية.

تبدأ هذه المقالة بتحليل الظروف التي أدت إلى نجاح بايدن في تأمين الاتفاق، مستكشفةً العوامل الدبلوماسية والإستراتيجيات التي استخدمها لتحقيق هذه النهاية. من ثم، تنتقل لتفحص أسلوب بايدن القيادي وكيف أثر ذلك في مسار مسيرته السياسية عبر العقود.

في البداية، يجدر بنا النظر في السياق الجيوسياسي الذي نشأ فيه النزاع الأخير بين إسرائيل وحماس. هذا النزاع، الذي جذّر نفسه عميقاً في مرارة التاريخ والسياسة، كان محور اهتمام العديد من الرؤساء الأمريكيين الذين سعوا جاهدين لتحقيق السلام في الشرق الأوسط. وفي هذا الصدد، لم يكن بايدن استثناءً. خلال فترة ولايته، عمل بايدن على إعادة تأكيد الدور الأمريكي كوسيط فعال في المنطقة.

ومن الضروري التأكيد على أن الدبلوماسية الأمريكية، بقيادة بايدن، قد تبنت نهجاً يركز على الحوار والتفاوض بدلاً من القوة العسكرية المباشرة. قد يعكس هذا التوجه تغييراً في كيفية تعامل الولايات المتحدة مع النزاعات الدولية، حيث يبدو أن هناك جهداً متجدداً للعودة إلى الدبلوماسية المتعددة الأطراف كأداة لحل النزاعات.

من جهة أخرى، يجب علينا تقييم كيف أثرت السياسة الداخلية الأمريكية في قدرة بايدن على تنفيذ سياسته الخارجية. من خلال تحليل تفاعلاته مع الكونغرس الأمريكي والجمهور، يمكننا رؤية كيف أن ولايته شهدت تحديات كبيرة تمثلت في الانقسامات الحادة داخل البلاد.

كما ينبغي النظر في التأثير الطويل الأمد لاتفاق السلام هذا على العلاقات الأمريكية-الإسرائيلية والأمريكية-الفلسطينية، إذ سيكون لهذه الاتفاقية تداعيات على مستقبل المنطقة بأسرها.

إن مسيرة بايدن السياسية، التي بدأت قبل عقود، قد شهدت العديد من التحولات الكبرى في السياسة الأمريكية. ومع خطاب الوداع، يُتوقع أن يعكس بايدن على هذه التحولات، مستعرضاً الإنجازات والتحديات التي واجهتها إدارته. من المهم أيضاً التفكير في كيفية تأثير هذه اللحظات على تصور الرأي العام لبايدن كرئيس، وكيف قد يؤثر ذلك على إرثه السياسي.

في الختام، يمكن القول إن الدور الذي لعبه بايدن في تأمين اتفاق لوقف إطلاق النار بين إسرائيل وحماس يمثل نقطة محورية في مسيرته السياسية ويسلط الضوء على الأهمية الدائمة للدبلوماسية الأمريكية. ومع اقتراب بايدن من مغادرة المكتب، يبقى تأثيره في السياسة الأمريكية والعالمية موضوعًا للتفكير والتقدير.",https://images.pexels.com/photos/6266453/pexels-photo-6266453.jpeg?auto=compress&cs=tinysrgb&h=350
BBC News,,"Syrians hope for a future without Russia, but it may not be easy","With the fall of Bashar al-Assad's regime, Russia lost a key all in the Middle East - but it still hopes to keeps its military bases in Syria.",https://www.bbc.com/news/articles/czx5xx7ne2wo,2025-01-13T00:33:57Z,"عنوان: آمال السوريين بمستقبل بعيد عن روسيا، لكن الطريق ليس سهلاً

مع سقوط نظام بشار الأسد، خسرت روسيا حليفًا استراتيجيًا في الشرق الأوسط، ولكنها لا تزال تأمل في الحفاظ على قواعدها العسكرية في سوريا. يُعقّد هذا الوضع تطلعات الشعب السوري نحو مستقبل يبتعد عن النفوذ الروسي، ما يفرض تحديات ومعضلات كبرى تتطلب تحليلاً معمقًا.

### التأثير الروسي في سوريا

لفهم الوضع الحالي، من الضروري الرجوع إلى بدايات الأزمة السورية في 2011، حيث وقفت روسيا بقوة إلى جانب نظام الأسد، مدعومة بالمصالح الجيوسياسية والاقتصادية. الدعم العسكري الروسي كان حاسمًا في تحول موازين القوى لصالح الأسد، حيث أدى التدخل الروسي في 2015 إلى تغيير مسار الحرب.

روسيا، التي تعتبر سوريا نقطة استراتيجية في الشرق الأوسط، تستضيف قاعدة طرطوس البحرية وقاعدة حميميم الجوية، ما يمنحها نفوذًا مباشرًا في المياه الدافئة ويوسع من حضورها العسكري في المنطقة. هذا الوجود العسكري ليس مجرد دعم للأسد بل إنه يعزز من موقف روسيا في منطقة الشرق الأوسط برمتها، مستفيدة من الفوضى والصراعات التي تعصف بالمنطقة.

### تطلعات الشعب السوري

ومع ذلك، تتزايد تطلعات الشعب السوري نحو تحقيق استقلالية أكبر بعد سنوات من الحرب والدمار. الحنين إلى السيادة وإعادة بناء الدولة على أسس مستقلة عن الأجندات الخارجية يشكل أحد الدوافع الرئيسية للشعب السوري. ومع ذلك، يبقى السؤال المعقد: كيف يمكن فصل الطموحات الوطنية عن التأثيرات الخارجية العميقة والطويلة الأمد كالتأثير الروسي؟

### التحديات الحالية والمستقبلية

المعضلة الأساسية تكمن في كيفية التعامل مع النفوذ الروسي بعد سقوط الأسد. هناك تحديات جمة تواجه سوريا في هذا السياق، بما في ذلك إعادة البناء والتنمية والحاجة إلى استقرار سياسي وأمني. روسيا، التي ساهمت في الحفاظ على الأسد، قد تجد نفسها في موقف حرج في سوريا ما بعد الأسد؛ إذ يطمح السوريون إلى تحقيق تغيير جذري يشمل جميع الأصعدة بما فيها العلاقات الخارجية.

بالإضافة إلى ذلك، الضغوط الدولية قد تلعب دورًا محوريًا في تحديد مستقبل الوجود الروسي في سوريا. الولايات المتحدة والاتحاد الأوروبي، اللذان ينظران بعين الريبة إلى التوسع الروسي، قد يدعمان بقوة مسارًا يقود إلى تقليص النفوذ الروسي في الشرق الأوسط.

### الفرص والمسارات الممكنة

رغم التحديات، هناك فرص قد تنشأ من هذا التحول الكبير. إعادة البناء والتنمية في سوريا توفر حقلاً خصبًا للتعاون الدولي والإقليمي الذي يمكن أن يعزز من استقرار المنطقة ككل. كما قد يسهم التحول السياسي في سوريا بتحسين العلاقات مع دول الجوار والقوى العالمية، مما يعزز من فرص السلام والازدهار.

### خاتمة

في الختام، الطريق أمام الشعب السوري لتحقيق مستقبل بعيد عن النفوذ الروسي ليس سهلاً، ولكنه ليس مستحيلاً. تتطلب الفترة المقبلة دبلوماسية شجاعة ورؤية واضحة للمستقبل تضع مصالح الشعب السوري في المقام الأول. ستكون الأشهر والسنوات القادمة حاسمة في تحديد مدى قدرة سوريا على التعافي وإعادة تأسيس نفسها كدولة ذات سيادة كاملة ومستقلة عن الأجندات الخارجية، مع الأخذ بعين الاعتبار التحديات الكثيرة والمعقدة التي تواجهها.",https://images.pexels.com/photos/10629468/pexels-photo-10629468.jpeg?auto=compress&cs=tinysrgb&h=350
